{
  "Profiles": [
    {
      "Ansi 1 Color": {
        "Red Component": 0.9861499071121216,
        "Color Space": "Calibrated",
        "Blue Component": 0.3538832664489746,
        "Alpha Component": 1,
        "Green Component": 0.020856760442256927
      },
      "Tags": [],
      "Ansi 12 Color": {
        "Red Component": 0.33359432220458984,
        "Color Space": "Calibrated",
        "Blue Component": 0.9987517595291138,
        "Alpha Component": 1,
        "Green Component": 0.6801155805587769
      },
      "Custom Directory": "No",
      "Reduce Flicker": true,
      "Bold Color": {
        "Red Component": 0.38319265842437744,
        "Color Space": "Calibrated",
        "Blue Component": 0.3831876814365387,
        "Alpha Component": 1,
        "Green Component": 0.3831811547279358
      },
      "Ansi 7 Color": {
        "Red Component": 0.9409766793251038,
        "Color Space": "Calibrated",
        "Blue Component": 0.9409644603729248,
        "Alpha Component": 1,
        "Green Component": 0.940948486328125
      },
      "Ansi 8 Color": {
        "Red Component": 0.3607843220233917,
        "Color Space": "Calibrated",
        "Blue Component": 0.43921568989753723,
        "Alpha Component": 1,
        "Green Component": 0.38823530077934265
      },
      "Ansi 9 Color": {
        "Red Component": 0.9861499071121216,
        "Color Space": "Calibrated",
        "Blue Component": 0.3538832664489746,
        "Alpha Component": 1,
        "Green Component": 0.020856760442256927
      },
      "Rows": 25,
      "Default Bookmark": "No",
      "Ansi 3 Color": {
        "Red Component": 0.9931013584136963,
        "Color Space": "Calibrated",
        "Blue Component": 0.35100504755973816,
        "Alpha Component": 1,
        "Green Component": 0.6652525663375854
      },
      "Horizontal Spacing": 1,
      "Cursor Guide Color": {
        "Red Component": 0.14865921437740326,
        "Color Space": "Calibrated",
        "Blue Component": 0.8298929929733276,
        "Alpha Component": 0.25,
        "Green Component": 1
      },
      "Non-ASCII Anti Aliased": true,
      "Use Bright Bold": true,
      "Ansi 10 Color": {
        "Red Component": 0.14805346727371216,
        "Color Space": "Calibrated",
        "Blue Component": 0.8299185633659363,
        "Alpha Component": 1,
        "Green Component": 1
      },
      "Ambiguous Double Width": false,
      "Jobs to Ignore": [
        "rlogin",
        "ssh",
        "slogin",
        "telnet"
      ],
      "Show Status Bar": false,
      "Ansi 15 Color": {
        "Red Component": 0.9409766793251038,
        "Color Space": "Calibrated",
        "Blue Component": 0.9409644603729248,
        "Alpha Component": 1,
        "Green Component": 0.940948486328125
      },
      "Foreground Color": {
        "Red Component": 0.9409766793251038,
        "Color Space": "Calibrated",
        "Blue Component": 0.9409644603729248,
        "Alpha Component": 1,
        "Green Component": 0.940948486328125
      },
      "Working Directory": "/Users/jordan.cleal",
      "Blinking Cursor": false,
      "Disable Window Resizing": true,
      "Sync Title": false,
      "Prompt Before Closing 2": false,
      "BM Growl": true,
      "Command": "",
      "Description": "Default",
      "Mouse Reporting": true,
      "Screen": -1,
      "Selection Color": {
        "Red Component": 0.38319265842437744,
        "Color Space": "Calibrated",
        "Blue Component": 0.3831876814365387,
        "Alpha Component": 1,
        "Green Component": 0.3831811547279358
      },
      "Columns": 80,
      "Idle Code": 0,
      "Ansi 13 Color": {
        "Red Component": 0.9912664890289307,
        "Color Space": "Calibrated",
        "Blue Component": 0.8162802457809448,
        "Alpha Component": 1,
        "Green Component": 0.5841799974441528
      },
      "Custom Command": "No",
      "ASCII Anti Aliased": true,
      "Non Ascii Font": "Monaco 12",
      "Vertical Spacing": 1,
      "Use Bold Font": true,
      "Option Key Sends": 0,
      "Selected Text Color": {
        "Red Component": 0.8780597448348999,
        "Color Space": "Calibrated",
        "Blue Component": 0.8780484199523926,
        "Alpha Component": 1,
        "Green Component": 0.8780335187911987
      },
      "Background Color": {
        "Red Component": 0.11183337867259979,
        "Color Space": "Calibrated",
        "Blue Component": 0.1263493448495865,
        "Alpha Component": 1,
        "Green Component": 0.11884582042694092
      },
      "Character Encoding": 4,
      "Ansi 11 Color": {
        "Red Component": 0.994543731212616,
        "Color Space": "Calibrated",
        "Blue Component": 0.49358806014060974,
        "Alpha Component": 1,
        "Green Component": 0.7432326674461365
      },
      "Use Italic Font": true,
      "Unlimited Scrollback": false,
      "Keyboard Map": {
        "0xf700-0x260000": {
          "Text": "[1;6A",
          "Action": 10
        },
        "0x37-0x40000": {
          "Text": "0x1f",
          "Action": 11
        },
        "0x32-0x40000": {
          "Text": "0x00",
          "Action": 11
        },
        "0xf709-0x20000": {
          "Text": "[17;2~",
          "Action": 10
        },
        "0xf70c-0x20000": {
          "Text": "[20;2~",
          "Action": 10
        },
        "0xf729-0x20000": {
          "Text": "[1;2H",
          "Action": 10
        },
        "0xf72b-0x40000": {
          "Text": "[1;5F",
          "Action": 10
        },
        "0xf705-0x20000": {
          "Text": "[1;2Q",
          "Action": 10
        },
        "0xf703-0x260000": {
          "Text": "[1;6C",
          "Action": 10
        },
        "0xf700-0x220000": {
          "Text": "[1;2A",
          "Action": 10
        },
        "0xf701-0x280000": {
          "Text": "0x1b 0x1b 0x5b 0x42",
          "Action": 11
        },
        "0x38-0x40000": {
          "Text": "0x7f",
          "Action": 11
        },
        "0x33-0x40000": {
          "Text": "0x1b",
          "Action": 11
        },
        "0xf703-0x220000": {
          "Text": "[1;2C",
          "Action": 10
        },
        "0xf701-0x240000": {
          "Text": "[1;5B",
          "Action": 10
        },
        "0xf70d-0x20000": {
          "Text": "[21;2~",
          "Action": 10
        },
        "0xf702-0x260000": {
          "Text": "[1;6D",
          "Action": 10
        },
        "0xf729-0x40000": {
          "Text": "[1;5H",
          "Action": 10
        },
        "0xf706-0x20000": {
          "Text": "[1;2R",
          "Action": 10
        },
        "0x34-0x40000": {
          "Text": "0x1c",
          "Action": 11
        },
        "0xf700-0x280000": {
          "Text": "0x1b 0x1b 0x5b 0x41",
          "Action": 11
        },
        "0x2d-0x40000": {
          "Text": "0x1f",
          "Action": 11
        },
        "0xf70e-0x20000": {
          "Text": "[23;2~",
          "Action": 10
        },
        "0xf702-0x220000": {
          "Text": "[1;2D",
          "Action": 10
        },
        "0xf703-0x280000": {
          "Text": "0x1b 0x1b 0x5b 0x43",
          "Action": 11
        },
        "0xf700-0x240000": {
          "Text": "[1;5A",
          "Action": 10
        },
        "0xf707-0x20000": {
          "Text": "[1;2S",
          "Action": 10
        },
        "0xf70a-0x20000": {
          "Text": "[18;2~",
          "Action": 10
        },
        "0x35-0x40000": {
          "Text": "0x1d",
          "Action": 11
        },
        "0xf70f-0x20000": {
          "Text": "[24;2~",
          "Action": 10
        },
        "0xf703-0x240000": {
          "Text": "[1;5C",
          "Action": 10
        },
        "0xf701-0x260000": {
          "Text": "[1;6B",
          "Action": 10
        },
        "0xf702-0x280000": {
          "Text": "0x1b 0x1b 0x5b 0x44",
          "Action": 11
        },
        "0xf72b-0x20000": {
          "Text": "[1;2F",
          "Action": 10
        },